Id;Name;DateOfBirth;Email
1;Eloisa Grady;1945. 06. 01. 0:00:00;kenyatta@reingertoy.name
2;Isom Barton;1946. 07. 26. 0:00:00;sigmund@hodkiewicz.biz
3;Wilton Gaylord;1994. 06. 10. 0:00:00;oda_vandervort@prohaskadietrich.uk
4;Ms. Beth Emard;1985. 03. 29. 0:00:00;marques@runolfssonwolf.us
5;Helmer VonRueden's;1988. 05. 06. 0:00:00;emery.fisher@smithambashirian.com
6;Alessia Mayert;1942. 12. 10. 0:00:00;mayra_jast@parisian.us
7;Oran Robel;1947. 03. 11. 0:00:00;maximilian_swaniawski@borer.us
8;Laurence Huels;1951. 04. 04. 0:00:00;king@caspertreutel.com
9;Ruth Torphy DDS;1968. 06. 16. 0:00:00;kennedi.moore@coleabshire.name
10;Elinore Waelchi;1983. 12. 09. 0:00:00;casey@emmerichnader.co.uk
11;Gretchen Ernser;1969. 07. 04. 0:00:00;norberto@goldner.co.uk
12;Kaya Boehm;1947. 08. 06. 0:00:00;raul_halvorson@blick.com
13;Amparo Beatty;1994. 08. 09. 0:00:00;madeline@williamsonlueilwitz.name
14;Ms. Treva Huel;1967. 06. 18. 0:00:00;kathryne.labadie@wintheiser.us
15;Cullen Brown;1993. 02. 09. 0:00:00;deborah@cruickshank.ca
16;Dr. Catalina Wintheiser;1968. 06. 11. 0:00:00;ivah_durgan@littleshields.uk
17;Helene Dicki;1987. 10. 14. 0:00:00;osbaldo_heller@stehr.ca
18;Karine Wolf;1966. 11. 02. 0:00:00;kacey_miller@hettingersipes.uk
19;Marcia Bednar;1959. 01. 25. 0:00:00;nikko@schuppereinger.us
20;Yvette Bechtelar I;1959. 10. 21. 0:00:00;xander@anderson.name
21;Maeve Ullrich;2004. 01. 19. 0:00:00;jerad_reynolds@wiegand.co.uk
22;Chet Brown;1984. 04. 22. 0:00:00;arnaldo.hand@ryan.us
23;Malvina Gorczany;1943. 12. 21. 0:00:00;lesly@herman.uk
24;Aditya Cormier;1971. 01. 20. 0:00:00;dimitri@bogankunze.uk
25;Walton Johnston Jr.;1944. 05. 21. 0:00:00;jared@miller.biz
26;Giovanna Miller;1966. 08. 14. 0:00:00;reymundo_gutmann@pagacschuster.uk
27;Ellen Boyle;1968. 03. 03. 0:00:00;mohamed@reichel.us
28;Berta Anderson;1960. 08. 08. 0:00:00;concepcion@connelly.info
29;Ada Botsford;1954. 12. 01. 0:00:00;katherine.kerluke@sauer.biz
30;Maryse Russel;1963. 04. 07. 0:00:00;bernardo@kleindurgan.ca
31;Linnie Kub DVM;1955. 09. 28. 0:00:00;isabella.kovacek@bernhardschneider.info
32;Jasper Schultz II;1975. 10. 15. 0:00:00;nyasia.howell@bogan.ca
33;Alexandre Pollich;2001. 02. 15. 0:00:00;isac@hudson.name
34;Rudy Labadie;1985. 04. 14. 0:00:00;hardy.monahan@mann.biz
35;Neha Kertzmann I;2004. 06. 05. 0:00:00;grant@bruenhackett.co.uk
36;Ilene Stroman DDS;1951. 08. 24. 0:00:00;maxine@hermankris.info
37;Destini Reilly;1954. 11. 23. 0:00:00;maximilian.kessler@mcglynn.us
38;Kathryn Adams;1938. 12. 08. 0:00:00;cassandra.kling@douglas.uk
39;Ron Marvin;1970. 08. 31. 0:00:00;london.eichmann@hegmanntremblay.com
40;Maximus Bergnaum MD;1990. 05. 19. 0:00:00;immanuel@torphy.us
41;Pedro Dach;1976. 04. 29. 0:00:00;alec_mccullough@runolfsson.co.uk
42;Sammy Daniel;1942. 07. 28. 0:00:00;magnus.donnelly@okeefe.uk
43;Giuseppe Gottlieb;2000. 05. 30. 0:00:00;george.marvin@windler.com
44;Elwin Dickens;1950. 04. 27. 0:00:00;norene_jerde@fisher.uk
45;Ms. Jaylon Schuppe;1969. 06. 13. 0:00:00;aylin_ledner@fritschconnelly.biz
46;Lulu Jewess;1945. 02. 28. 0:00:00;nadia.anderson@brakuskulas.us
47;Isaiah Schaden;1944. 03. 14. 0:00:00;carli@kris.info
48;Nicola Rosenbaum;1997. 08. 19. 0:00:00;anastasia_pagac@damore.com
49;Zoie Lowe IV;1952. 01. 18. 0:00:00;helen.zemlak@collier.biz
50;Mrs. Kim Okuneva;1940. 03. 02. 0:00:00;ambrose_rolfson@weberwuckert.ca
51;Henri Grady;1964. 01. 28. 0:00:00;eriberto@hartmann.uk
52;Manuela Leuschke II;1961. 11. 14. 0:00:00;stephania_schultz@eichmann.uk
53;Shanna Crooks;1973. 05. 08. 0:00:00;janis@morissettelarson.com
54;Kevon Quitzon DVM;1954. 10. 22. 0:00:00;pink.emard@nader.com
55;Rowland Schumm;1961. 01. 13. 0:00:00;domenick@pacochahessel.name
56;Imogene Bogisich;1998. 12. 25. 0:00:00;aubree@yost.co.uk
57;Claude Ryan;1969. 10. 08. 0:00:00;tate@berge.com
58;Hellen Harber;1985. 05. 20. 0:00:00;lolita.fritsch@schimmel.co.uk
59;Merlin Goyette Sr.;2002. 06. 23. 0:00:00;lyla_lindgren@nolan.biz
60;Finn Kub;1973. 03. 11. 0:00:00;jaylin.jenkins@powlowski.biz
61;Jedidiah Jacobson;1963. 03. 28. 0:00:00;dudley.pfannerstill@kshlerin.com
62;Brisa Crona;1965. 07. 30. 0:00:00;wilbert@sanford.ca
63;Fatima Davis;1965. 10. 18. 0:00:00;hailie@cormierkozey.co.uk
64;Guy Crooks;1944. 11. 05. 0:00:00;timmy@jaskolski.ca
65;Sarah Pagac II;1970. 06. 25. 0:00:00;tevin@adams.co.uk
66;Susie Labadie;1994. 10. 31. 0:00:00;avis@gorczany.ca
67;Mrs. Morris Ziemann;1957. 08. 31. 0:00:00;amari@hilll.co.uk
68;Jasper Kutch;1995. 05. 10. 0:00:00;gia@wuckert.ca
69;Derek Skiles;1948. 05. 19. 0:00:00;marlene_renner@ernser.name
70;Lessie Balistreri;1953. 02. 10. 0:00:00;bianka.larson@blockraynor.com
71;Lauretta Sipes;1983. 09. 25. 0:00:00;nels.bosco@ledner.biz
72;Daija Schuppe;1939. 08. 09. 0:00:00;genoveva_hills@nolan.us
73;Frank Nienow;1956. 06. 16. 0:00:00;annalise@bayer.co.uk
74;Elisabeth Stroman;1975. 08. 30. 0:00:00;abigale@gleichner.us
75;Shawn Price;1969. 03. 03. 0:00:00;maximo_smitham@considine.uk
76;Jennifer Reinger;1969. 12. 07. 0:00:00;jacklyn@cassin.com
77;Benedict Bednar Jr.;1972. 07. 20. 0:00:00;bria_hauck@strosin.com
78;Julie Hilll;1984. 02. 09. 0:00:00;coralie@reinger.us
79;Gaylord Lakin;1964. 09. 23. 0:00:00;rowan.johns@durganebert.info
80;Lilian Wolf;1988. 06. 09. 0:00:00;earnest_okon@kirlingottlieb.us
81;Tito Predovic;1954. 04. 28. 0:00:00;jeff@schamberger.info
82;Keagan Muller;1941. 12. 27. 0:00:00;jeffery@kirlinkub.us
83;Ezequiel Bauch;2003. 10. 03. 0:00:00;amparo_runte@weimann.com
84;Darrel Waelchi;2001. 11. 17. 0:00:00;enos.anderson@fadelschaden.biz
85;Arielle Dickinson;1969. 07. 31. 0:00:00;aleen@wintheiser.uk
86;Dr. Ursula Bauch;1980. 06. 13. 0:00:00;herminio_mckenzie@torphy.ca
87;Kenny Cassin;1984. 11. 09. 0:00:00;gerardo@labadie.ca
88;Lorine Johnston;2003. 01. 31. 0:00:00;lemuel_okuneva@fritsch.com
89;Easton Carroll;1954. 02. 02. 0:00:00;katlyn_rempel@ratke.us
90;Vincenzo McClure;1947. 03. 12. 0:00:00;theo.lang@fritschjacobson.ca
91;Marguerite Hyatt;1957. 04. 10. 0:00:00;arvilla_muller@lehner.us
92;Salvatore Simonis;1957. 10. 18. 0:00:00;willy@quitzon.co.uk
93;Kelley Pacocha;1982. 08. 17. 0:00:00;maci.gutmann@lueilwitz.name
94;Lizzie West;1937. 10. 12. 0:00:00;ludwig@harris.us
95;Carmen Parisian;1960. 01. 24. 0:00:00;dominique@starkmonahan.uk
96;Marjory Lebsack;1956. 08. 17. 0:00:00;tamia@bogisich.name
97;Mallory Turner;1961. 07. 08. 0:00:00;lafayette@schmittmraz.ca
98;Koby Zulauf;1996. 10. 17. 0:00:00;melany_witting@barton.biz
99;Eliane Murphy;1995. 03. 23. 0:00:00;beatrice@dare.co.uk
100;Al Gusikowski;2004. 06. 12. 0:00:00;christian@volkmanstark.com
